{
  "n_episodes": 298,
  "action_mode": "finite_diff_vel",
  "fields": {
    "cube_pos_ego": {
      "shape_per_step": [
        2
      ],
      "mean": [
        -0.690609269402172,
        0.2516476105502539
      ],
      "std": [
        0.1135099546513268,
        0.20022640319922264
      ],
      "min": [
        -0.8467633602614129,
        -0.11018236142512501
      ],
      "max": [
        -0.3204249441623688,
        0.7973248355233837
      ],
      "p5": [
        -0.8017705006374097,
        0.028870692034929986
      ],
      "p50_median": [
        -0.7256235007285188,
        0.19235099084387366
      ],
      "p95": [
        -0.4062445479931526,
        0.6931754575541819
      ],
      "robust_scale_iqr90": [
        0.3955259526442571,
        0.6643047655192519
      ]
    },
    "cube_linvel_ego": {
      "shape_per_step": [
        2
      ],
      "mean": [
        -0.2584788889116404,
        -0.6875737747345785
      ],
      "std": [
        1.202977853878098,
        2.2681118204711366
      ],
      "min": [
        -5.512354188256998,
        -7.144569908649844
      ],
      "max": [
        3.3679059382031666,
        6.249323764725658
      ],
      "p5": [
        -2.8049564245202037,
        -4.65093854830853
      ],
      "p50_median": [
        -0.09906074178665865,
        -0.7583577346492238
      ],
      "p95": [
        1.6266714178452581,
        3.1343936561968784
      ],
      "robust_scale_iqr90": [
        4.431627842365462,
        7.7853322045054085
      ]
    },
    "target_pos_ego": {
      "shape_per_step": [
        2
      ],
      "mean": [
        -0.3481213548647167,
        0.4528763125191083
      ],
      "std": [
        0.4138315420942395,
        0.23195205655971793
      ],
      "min": [
        -0.8056331432700243,
        -0.07257824100737575
      ],
      "max": [
        0.5080241300536977,
        0.8215849996813995
      ],
      "p5": [
        -0.7627904048443149,
        0.0748893627586556
      ],
      "p50_median": [
        -0.5482776195946889,
        0.5293001201551361
      ],
      "p95": [
        0.40074308758294885,
        0.7317597829354386
      ],
      "robust_scale_iqr90": [
        1.1635334924272638,
        0.656870420176783
      ]
    },
    "endpoint_pos_ego": {
      "shape_per_step": [
        2
      ],
      "mean": [
        -0.6335771546058471,
        0.1428777668956927
      ],
      "std": [
        0.2392816913298123,
        0.09396750469988713
      ],
      "min": [
        -0.8571264344484427,
        -0.11781744903708195
      ],
      "max": [
        3.42540442943573e-06,
        0.44431851658912513
      ],
      "p5": [
        -0.8125960187148646,
        0.0015916225472032885
      ],
      "p50_median": [
        -0.7384888623918349,
        0.12589439015969398
      ],
      "p95": [
        -0.0357055132019347,
        0.31214437815678836
      ],
      "robust_scale_iqr90": [
        0.7768905055129299,
        0.31055275560958506
      ]
    },
    "endpoint_linvel_ego": {
      "shape_per_step": [
        2
      ],
      "mean": [
        -0.8256243764349459,
        0.1776235752431943
      ],
      "std": [
        1.4978008613885032,
        1.8541265156453814
      ],
      "min": [
        -4.7899862908849835,
        -5.026315479199355
      ],
      "max": [
        2.6299171163536568,
        6.335779778886578
      ],
      "p5": [
        -3.70535955351939,
        -2.694303179221083
      ],
      "p50_median": [
        -0.41227953456855443,
        0.33023244033283117
      ],
      "p95": [
        1.1417741650282813,
        3.2952720153512858
      ],
      "robust_scale_iqr90": [
        4.8471337185476715,
        5.989575194572369
      ]
    },
    "gripper_gear_pos": {
      "shape_per_step": [
        1
      ],
      "mean": [
        -0.6935439912573935
      ],
      "std": [
        0.37874086565620646
      ],
      "min": [
        -1.5707999467849731
      ],
      "max": [
        -0.183722048997879
      ],
      "p5": [
        -1.4800901412963867
      ],
      "p50_median": [
        -0.5795076489448547
      ],
      "p95": [
        -0.2717903375625611
      ],
      "robust_scale_iqr90": [
        1.2082998037338255
      ]
    },
    "gripper_gear_vel": {
      "shape_per_step": [
        1
      ],
      "mean": [
        1.0374321259192727
      ],
      "std": [
        2.1365385053338075
      ],
      "min": [
        -3.000455141067505
      ],
      "max": [
        3.010683298110962
      ],
      "p5": [
        -2.999997138977051
      ],
      "p50_median": [
        1.286374568939209
      ],
      "p95": [
        3.000001907348633
      ],
      "robust_scale_iqr90": [
        5.999999046325684
      ]
    },
    "gripper_rot_sincos": {
      "shape_per_step": [
        2
      ],
      "mean": [
        -0.6741210104186482,
        0.5613057109346192
      ],
      "std": [
        0.33127530235288305,
        0.3474959513941617
      ],
      "min": [
        -0.9999999902128766,
        -0.22735563473001755
      ],
      "max": [
        0.0,
        1.0
      ],
      "p5": [
        -0.9989089492131051,
        0.03217030311146652
      ],
      "p50_median": [
        -0.8013265122069239,
        0.5982272317725821
      ],
      "p95": [
        -0.09574276676922508,
        0.9954061093902193
      ],
      "robust_scale_iqr90": [
        0.90316618244388,
        0.9632358062787528
      ]
    },
    "gripper_rot_vel": {
      "shape_per_step": [
        1
      ],
      "mean": [
        -1.658872275978955
      ],
      "std": [
        2.4284630535003364
      ],
      "min": [
        -3.005378246307373
      ],
      "max": [
        3.009613513946533
      ],
      "p5": [
        -3.000002384185791
      ],
      "p50_median": [
        -2.9999988079071045
      ],
      "p95": [
        3.000000476837158
      ],
      "robust_scale_iqr90": [
        6.000002861022949
      ]
    },
    "arm_joint_pos": {
      "shape_per_step": [
        4
      ],
      "mean": [
        -0.13348098601652744,
        -0.13510402284416978,
        -0.13389424372927797,
        -0.13053204179318628
      ],
      "std": [
        0.08188732235013355,
        0.078917270706619,
        0.07366608453984495,
        0.06737517479657368
      ],
      "min": [
        -0.2400775849819183,
        -0.2400358021259308,
        -0.2399982213973999,
        -0.2092261463403701
      ],
      "max": [
        0.0102766873314976,
        0.0079268086701631,
        0.0056114289909601,
        0.0038513930048793
      ],
      "p5": [
        -0.23580761253833765,
        -0.22997975945472712,
        -0.2121555685997009,
        -0.19051389694213866
      ],
      "p50_median": [
        -0.166261687874794,
        -0.1668704599142074,
        -0.1665657609701156,
        -0.1655033379793167
      ],
      "p95": [
        0.005006536655127931,
        0.00265281633473926,
        0.00227729864418498,
        0.001784298429265559
      ],
      "robust_scale_iqr90": [
        0.24081414919346558,
        0.2326325757894664,
        0.21443286724388588,
        0.19229819537140422
      ]
    },
    "arm_joint_vel": {
      "shape_per_step": [
        4
      ],
      "mean": [
        -0.1796508246062476,
        -0.17596047624946157,
        -0.1717181136101606,
        -0.1670596216519107
      ],
      "std": [
        0.4605751166605981,
        0.43140697529386646,
        0.3893443335910519,
        0.3660763830464441
      ],
      "min": [
        -1.080635666847229,
        -1.0608291625976562,
        -1.0456994771957395,
        -1.0336209535598757
      ],
      "max": [
        0.999914526939392,
        0.990603506565094,
        0.6521362662315369,
        0.4806717038154602
      ],
      "p5": [
        -0.9912974953651429,
        -0.992086970806122,
        -0.9921836018562317,
        -0.9858790755271912
      ],